{
  "checkpoint": "checkpoint/stgcn_v018/final_stgcn_model.pth",
  "test_samples": 150,
  "classification": {
    "accuracy": 0.74,
    "macro_precision": 0.7488486842105264,
    "macro_recall": 0.7564974659486854,
    "macro_f1": 0.7475846355923816,
    "macro_auc": 0.9199561786991218,
    "per_class": {
      "squat": {
        "precision": 0.6578947368421053,
        "recall": 0.6097560975609756,
        "f1": 0.6329113924050633,
        "support": 41
      },
      "push_up": {
        "precision": 0.9375,
        "recall": 0.8571428571428571,
        "f1": 0.8955223880597015,
        "support": 35
      },
      "bench_press": {
        "precision": 0.725,
        "recall": 0.6590909090909091,
        "f1": 0.6904761904761905,
        "support": 44
      },
      "pull_up": {
        "precision": 0.675,
        "recall": 0.9,
        "f1": 0.7714285714285715,
        "support": 30
      }
    },
    "confusion_matrix": [
      [
        25,
        2,
        8,
        6
      ],
      [
        2,
        30,
        1,
        2
      ],
      [
        10,
        0,
        29,
        5
      ],
      [
        1,
        0,
        2,
        27
      ]
    ]
  },
  "counting": {
    "normalized_mae": 0.0,
    "rmse": 1.0066445913694333,
    "obo_accuracy": 0.9733333333333334,
    "postprocess": {
      "adaptive": true,
      "threshold_ratio": 0.2,
      "threshold_floor": 0.05,
      "min_distance": 18,
      "prominence_ratio": 0.03,
      "selection_metric": "max_obo_then_min_nmae"
    },
    "pred_counts": [
      1,
      1,
      1,
      1,
      1,
      1,
      1,
      1,
      1,
      1,
      1,
      1,
      1,
      1,
      1,
      1,
      1,
      1,
      1,
      1,
      1,
      1,
      0,
      0,
      0,
      1,
      1,
      1,
      1,
      1,
      1,
      1,
      1,
      1,
      1,
      1,
      1,
      1,
      1,
      1,
      1,
      1,
      1,
      1,
      1,
      1,
      0,
      1,
      0,
      1,
      1,
      2,
      1,
      1,
      1,
      1,
      1,
      1,
      2,
      1,
      1,
      1,
      1,
      0,
      1,
      1,
      1,
      1,
      1,
      2,
      1,
      1,
      1,
      1,
      1,
      1,
      1,
      1,
      1,
      1,
      1,
      1,
      1,
      1,
      1,
      1,
      1,
      1,
      1,
      1,
      1,
      1,
      1,
      1,
      1,
      1,
      1,
      1,
      0,
      2,
      1,
      1,
      1,
      1,
      1,
      1,
      1,
      1,
      1,
      1,
      1,
      1,
      1,
      1,
      1,
      1,
      1,
      1,
      0,
      0,
      0,
      1,
      1,
      1,
      1,
      1,
      1,
      1,
      1,
      1,
      1,
      1,
      1,
      1,
      1,
      1,
      1,
      1,
      1,
      1,
      1,
      1,
      1,
      1,
      1,
      1,
      1,
      1,
      1,
      1
    ],
    "gt_counts": [
      0,
      0,
      0,
      0,
      0,
      0,
      0,
      0,
      0,
      0,
      0,
      0,
      0,
      0,
      0,
      0,
      0,
      0,
      0,
      0,
      0,
      0,
      0,
      0,
      0,
      0,
      0,
      0,
      0,
      0,
      0,
      0,
      0,
      0,
      0,
      0,
      0,
      0,
      0,
      0,
      0,
      0,
      0,
      0,
      0,
      0,
      0,
      0,
      0,
      0,
      0,
      0,
      0,
      0,
      0,
      0,
      0,
      0,
      0,
      0,
      0,
      0,
      0,
      0,
      0,
      0,
      0,
      0,
      0,
      0,
      0,
      0,
      0,
      0,
      0,
      0,
      0,
      0,
      0,
      0,
      0,
      0,
      0,
      0,
      0,
      0,
      0,
      0,
      0,
      0,
      0,
      0,
      0,
      0,
      0,
      0,
      0,
      0,
      0,
      0,
      0,
      0,
      0,
      0,
      0,
      0,
      0,
      0,
      0,
      0,
      0,
      0,
      0,
      0,
      0,
      0,
      0,
      0,
      0,
      0,
      0,
      0,
      0,
      0,
      0,
      0,
      0,
      0,
      0,
      0,
      0,
      0,
      0,
      0,
      0,
      0,
      0,
      0,
      0,
      0,
      0,
      0,
      0,
      0,
      0,
      0,
      0,
      0,
      0,
      0
    ]
  }
}