epoch,train_loss,train_cls_loss,train_density_loss,val_loss,val_accuracy,val_obo,val_nmae,val_rmse,score,count_threshold_ratio,count_threshold_floor,count_min_distance,count_prominence_ratio,lr,lambda_density
1,1.345685,1.345685,3.13594,1.377151,0.3,0.58,0.597254,1.847521,0.312137,0.2,0.05,18,0.05,0.000993874949446081,0.0
2,1.177392,1.177392,2.891579,1.022584,0.566667,0.533333,0.625778,2.094437,0.530378,0.25,0.05,18,0.08,0.0009756506168568389,0.0
