epoch,train_loss,train_cls_loss,train_density_loss,val_loss,val_accuracy,val_obo,val_nmae,val_rmse,score,count_threshold_ratio,count_threshold_floor,count_min_distance,count_prominence_ratio,lr,lambda_density
1,1.348196,1.348196,2.864936,1.360238,0.373333,0.0,0.0,3.673327,0.317333,0.45,0.05,18,0.08,0.000993874949446081,0.0
2,1.186926,1.186926,2.672708,1.02697,0.593333,0.06,0.0,3.08545,0.513333,0.45,0.05,18,0.08,0.0009756506168568389,0.0
3,1.065192,1.065192,2.958665,0.970125,0.653333,0.04,0.0,3.098387,0.561333,0.45,0.05,18,0.08,0.000945775745783713,0.0
4,1.039179,1.039179,2.807093,1.031483,0.646667,0.193333,0.0,2.715388,0.578667,0.45,0.05,18,0.08,0.0009049859547015363,0.0
