{
  "checkpoint": "checkpoint\\stgcn_v002\\best_stgcn_model.pth",
  "test_samples": 150,
  "classification": {
    "accuracy": 0.7266666666666667,
    "macro_precision": 0.7642757001452654,
    "macro_recall": 0.7299070178867141,
    "macro_f1": 0.7380459712325214,
    "macro_auc": 0.9330246849559444,
    "per_class": {
      "squat": {
        "precision": 0.6086956521739131,
        "recall": 0.6511627906976745,
        "f1": 0.6292134831460674,
        "support": 43
      },
      "push_up": {
        "precision": 0.9090909090909091,
        "recall": 0.7894736842105263,
        "f1": 0.8450704225352113,
        "support": 38
      },
      "bench_press": {
        "precision": 0.5777777777777777,
        "recall": 0.7647058823529411,
        "f1": 0.6582278481012658,
        "support": 34
      },
      "pull_up": {
        "precision": 0.9615384615384616,
        "recall": 0.7142857142857143,
        "f1": 0.819672131147541,
        "support": 35
      }
    },
    "confusion_matrix": [
      [
        28,
        3,
        12,
        0
      ],
      [
        5,
        30,
        3,
        0
      ],
      [
        7,
        0,
        26,
        1
      ],
      [
        6,
        0,
        4,
        25
      ]
    ]
  },
  "counting": {
    "normalized_mae": 0.488968253968254,
    "rmse": 2.0330600909302543,
    "obo_accuracy": 0.6266666666666667,
    "postprocess": {
      "adaptive": true,
      "threshold_ratio": 0.2,
      "threshold_floor": 0.05,
      "min_distance": 18,
      "prominence_ratio": 0.08,
      "selection_metric": "max_obo_then_min_nmae"
    },
    "pred_counts": [
      3,
      4,
      4,
      4,
      4,
      3,
      1,
      2,
      3,
      3,
      2,
      5,
      3,
      2,
      2,
      4,
      3,
      2,
      5,
      3,
      3,
      3,
      3,
      4,
      3,
      3,
      4,
      5,
      4,
      3,
      3,
      3,
      2,
      2,
      2,
      4,
      3,
      3,
      2,
      2,
      4,
      1,
      1,
      2,
      4,
      5,
      4,
      3,
      3,
      3,
      1,
      2,
      3,
      3,
      3,
      3,
      2,
      3,
      5,
      3,
      4,
      4,
      5,
      3,
      3,
      3,
      3,
      3,
      3,
      2,
      3,
      3,
      4,
      3,
      3,
      3,
      4,
      4,
      5,
      2,
      3,
      3,
      3,
      3,
      5,
      3,
      3,
      4,
      3,
      2,
      3,
      3,
      2,
      4,
      3,
      3,
      4,
      1,
      3,
      2,
      2,
      3,
      2,
      2,
      3,
      4,
      5,
      2,
      1,
      4,
      4,
      5,
      5,
      5,
      4,
      3,
      2,
      3,
      2,
      3,
      2,
      2,
      2,
      0,
      1,
      4,
      5,
      3,
      3,
      3,
      4,
      3,
      4,
      3,
      3,
      3,
      4,
      5,
      2,
      2,
      3,
      2,
      3,
      3,
      4,
      3,
      3,
      3,
      4,
      3
    ],
    "gt_counts": [
      2,
      5,
      3,
      5,
      4,
      5,
      4,
      5,
      3,
      3,
      2,
      4,
      4,
      6,
      5,
      6,
      6,
      5,
      3,
      7,
      5,
      4,
      4,
      6,
      3,
      2,
      3,
      3,
      3,
      3,
      6,
      4,
      6,
      7,
      5,
      3,
      3,
      3,
      2,
      4,
      5,
      4,
      4,
      3,
      8,
      4,
      4,
      2,
      2,
      7,
      1,
      3,
      4,
      4,
      4,
      4,
      6,
      2,
      2,
      3,
      5,
      3,
      4,
      5,
      5,
      5,
      2,
      2,
      2,
      2,
      5,
      4,
      1,
      1,
      1,
      2,
      5,
      4,
      2,
      1,
      3,
      4,
      4,
      6,
      7,
      2,
      4,
      3,
      3,
      3,
      5,
      4,
      6,
      1,
      2,
      2,
      3,
      1,
      3,
      1,
      1,
      4,
      5,
      7,
      1,
      2,
      4,
      5,
      7,
      2,
      3,
      4,
      4,
      5,
      2,
      1,
      4,
      4,
      7,
      6,
      8,
      6,
      6,
      1,
      1,
      4,
      3,
      5,
      2,
      4,
      3,
      4,
      5,
      4,
      4,
      4,
      1,
      4,
      3,
      4,
      2,
      2,
      3,
      4,
      3,
      2,
      4,
      4,
      3,
      4
    ]
  }
}