{
  "checkpoint": "checkpoint/stgcn_v030/final_stgcn_model.pth",
  "test_samples": 150,
  "classification": {
    "accuracy": 0.7866666666666666,
    "macro_precision": 0.8013115901455766,
    "macro_recall": 0.7912944778798436,
    "macro_f1": 0.7931192857775137,
    "macro_auc": 0.9310935752916341,
    "per_class": {
      "squat": {
        "precision": 0.7368421052631579,
        "recall": 0.6829268292682927,
        "f1": 0.7088607594936709,
        "support": 41
      },
      "push_up": {
        "precision": 0.825,
        "recall": 0.9428571428571428,
        "f1": 0.88,
        "support": 35
      },
      "bench_press": {
        "precision": 0.723404255319149,
        "recall": 0.7727272727272727,
        "f1": 0.7472527472527473,
        "support": 44
      },
      "pull_up": {
        "precision": 0.92,
        "recall": 0.7666666666666667,
        "f1": 0.8363636363636363,
        "support": 30
      }
    },
    "confusion_matrix": [
      [
        28,
        7,
        6,
        0
      ],
      [
        0,
        33,
        2,
        0
      ],
      [
        8,
        0,
        34,
        2
      ],
      [
        2,
        0,
        5,
        23
      ]
    ]
  },
  "counting": {
    "normalized_mae": 0.0,
    "rmse": 0.9018499505645788,
    "obo_accuracy": 0.9866666666666667,
    "postprocess": {
      "adaptive": true,
      "threshold_ratio": 0.2,
      "threshold_floor": 0.05,
      "min_distance": 6,
      "prominence_ratio": 0.03,
      "selection_metric": "max_obo_then_min_nmae"
    },
    "pred_counts": [
      1,
      1,
      1,
      1,
      1,
      0,
      1,
      1,
      1,
      1,
      1,
      1,
      1,
      1,
      1,
      1,
      1,
      1,
      1,
      1,
      1,
      1,
      0,
      0,
      0,
      1,
      1,
      1,
      0,
      1,
      1,
      1,
      1,
      1,
      0,
      1,
      1,
      1,
      1,
      1,
      1,
      1,
      1,
      0,
      1,
      1,
      1,
      1,
      1,
      1,
      1,
      1,
      1,
      1,
      1,
      0,
      1,
      1,
      1,
      1,
      1,
      1,
      1,
      1,
      2,
      1,
      0,
      1,
      1,
      1,
      1,
      0,
      1,
      1,
      0,
      0,
      0,
      0,
      1,
      1,
      1,
      1,
      0,
      1,
      1,
      1,
      1,
      1,
      2,
      1,
      1,
      1,
      1,
      1,
      1,
      1,
      1,
      0,
      1,
      0,
      0,
      1,
      0,
      1,
      1,
      1,
      1,
      1,
      1,
      0,
      1,
      1,
      0,
      1,
      0,
      1,
      1,
      1,
      0,
      0,
      0,
      0,
      1,
      1,
      1,
      1,
      0,
      0,
      1,
      0,
      0,
      1,
      1,
      1,
      0,
      1,
      1,
      0,
      1,
      0,
      1,
      1,
      1,
      0,
      1,
      1,
      1,
      1,
      1,
      1
    ],
    "gt_counts": [
      0,
      0,
      0,
      0,
      0,
      0,
      0,
      0,
      0,
      0,
      0,
      0,
      0,
      0,
      0,
      0,
      0,
      0,
      0,
      0,
      0,
      0,
      0,
      0,
      0,
      0,
      0,
      0,
      0,
      0,
      0,
      0,
      0,
      0,
      0,
      0,
      0,
      0,
      0,
      0,
      0,
      0,
      0,
      0,
      0,
      0,
      0,
      0,
      0,
      0,
      0,
      0,
      0,
      0,
      0,
      0,
      0,
      0,
      0,
      0,
      0,
      0,
      0,
      0,
      0,
      0,
      0,
      0,
      0,
      0,
      0,
      0,
      0,
      0,
      0,
      0,
      0,
      0,
      0,
      0,
      0,
      0,
      0,
      0,
      0,
      0,
      0,
      0,
      0,
      0,
      0,
      0,
      0,
      0,
      0,
      0,
      0,
      0,
      0,
      0,
      0,
      0,
      0,
      0,
      0,
      0,
      0,
      0,
      0,
      0,
      0,
      0,
      0,
      0,
      0,
      0,
      0,
      0,
      0,
      0,
      0,
      0,
      0,
      0,
      0,
      0,
      0,
      0,
      0,
      0,
      0,
      0,
      0,
      0,
      0,
      0,
      0,
      0,
      0,
      0,
      0,
      0,
      0,
      0,
      0,
      0,
      0,
      0,
      0,
      0
    ]
  }
}