{
  "checkpoint": "checkpoint/best_stgcn_model.pth",
  "test_samples": 150,
  "classification": {
    "accuracy": 0.68,
    "macro_precision": 0.692770694752402,
    "macro_recall": 0.6858411047345767,
    "macro_f1": 0.673657689701897,
    "macro_auc": 0.9027557226772307,
    "per_class": {
      "squat": {
        "precision": 0.8666666666666667,
        "recall": 0.7647058823529411,
        "f1": 0.8125,
        "support": 34
      },
      "push_up": {
        "precision": 0.509090909090909,
        "recall": 0.8,
        "f1": 0.6222222222222222,
        "support": 35
      },
      "bench_press": {
        "precision": 0.5416666666666666,
        "recall": 0.325,
        "f1": 0.40625,
        "support": 40
      },
      "pull_up": {
        "precision": 0.8536585365853658,
        "recall": 0.8536585365853658,
        "f1": 0.8536585365853658,
        "support": 41
      }
    },
    "confusion_matrix": [
      [
        26,
        5,
        1,
        2
      ],
      [
        0,
        28,
        6,
        1
      ],
      [
        4,
        20,
        13,
        3
      ],
      [
        0,
        2,
        4,
        35
      ]
    ]
  },
  "counting": {
    "normalized_mae": 0.9333333333333333,
    "rmse": 11.187195061021031,
    "obo_accuracy": 0.2733333333333333
  }
}